ad_id,image_name
IM_MBPxNkGl9cPGKXW,gambling_1.png
IM_PiIV1BfTkihbhP2,gambling_2.png
IM_N2JyWGtHtdZG4QR,gambling_3.png
IM_kIzQvZPkFfQYHfm,gambling_4.png
IM_ZQOEGr7zUABjZJq,gambling_5.png
IM_ocowjjavCUFCYjg,gambling_7.png
IM_yiebcF4N8lYXAJn,gambling_8.png
IM_rFfgY9hGNOsC176,gambling_9.png
IM_m69kUOhHLY8WxqO,gambling_10.png
IM_cgTLl7Uptz48KAh,gambling_11.png
IM_Y5Zu49RNQGYqFOD,gambling_12.png
IM_uamVNh054UCbnne,gambling_13.png
IM_d7YrB6dlC841riB,gambling_14.png
IM_aOmW5ICI2h7aRdB,gambling_15.png
IM_GJT1JQHfzt8phjr,gambling_16.png
IM_Ryie5RMjcEWxKWF,gambling_18.png
IM_i88l4ktatPMdnGz,gambling_19.png
IM_vCDfCxempGaKYgD,gambling_20.png
IM_nzgR44xdmNZKDeg,gambling_21.png
IM_Iy3h5meSJswuNoS,gambling_22.png
IM_DOuyi0PKOLKN1tQ,gambling_23.png
IM_RKy3VCnZVcNnezY,gambling_24.png
IM_QX79JGo1ohPsJjN,gambling_25.png
IM_dKYVMJpZhWuLIlK,gambling_26.png
IM_A7N9Bccr2ISH99A,gambling_27.png
IM_cVa3jqunzm6G5Wf,gambling_28.png
IM_Bd6ZuzL00Rlvp9e,gambling_29.png
IM_spXFox2ax2Pdg4x,gambling_30.png
IM_BVf80T1mHfvN9by,gambling_36.png
IM_9eCio9gN6oIKZrY,gambling_37.png
IM_USgp0JqCYr2btlZ,product_2.png
IM_55TrVorfiN1xlbv,product_4.png
IM_KuqEenamDVqwhA7,product_9.png
IM_vParTZdR9uT4qYH,product_12.png
IM_I9g2pY1Vv8xeaD4,product_14.png
IM_yP6vNLKPOA3RZoN,product_15.png
IM_NbX2uc33XTuLPUL,product_16.png
IM_uIkMhp6XQPgeQQf,product_17.png
IM_lsMKbK4QWh331wi,product_19.png
IM_Z87fmgI0vTbYJVH,product_20.png
IM_8qs5sGh0UITH3jQ,product_21.png
IM_bkYkApf8x3X5Dkz,product_22.png
IM_pDPTEgEVklS0CSs,product_24.png
IM_u6UqidxonUcUWKf,product_26.png
IM_jbkH5cEd6Zj6L4V,product_27.png
IM_neWUsd5Z708AC1d,product_29.png
IM_jhE9f54V3tpcJmV,product_30.png
IM_JPQYiZdLDmm3ICC,product_34.png
IM_9NYOJPHZuzcYn62,product_35.png
IM_xptQmRgcHUrETx2,product_38.png
IM_sTiidnW71ckczBd,product_39.png
IM_K3SWHGEgyL0OWYz,product_41.png
IM_kVf0yGXTyekhc7k,product_42.png
IM_fhgzFlBKDIAF4IT,product_43.png
IM_A2JA6OSFt8JcnYq,product_44.png
IM_oZmJzSI2yX7vLqm,product_45.png
IM_KhzZg6vETTZo5F3,product_46.png
IM_aQOMhr4zNuqtZrT,product_47.png
IM_TsMgP4hnCp1k7Xc,product_48.png
IM_wHcmsklg5H4HNiC,product_49.png
IM_1Ah4m4bXyWEoaPP,vmpfc_3.png
IM_AgA2TjZMjIq3Dtq,vmpfc_5.png
IM_3rPhbVrrNoiBQF1,vmpfc_6.png
IM_n6vkk8dtd3BbN6D,vmpfc_7.png
IM_T5kRZA0BvZSgLW9,vmpfc_11.png
IM_jpOcIT0x1G29pf7,vmpfc_12.png
IM_36acU4YoT3cnh1C,vmpfc_14.png
IM_8RW6asClO2JR40B,vmpfc_15.png
IM_4IM16wYIayqvSEH,vmpfc_16.png
IM_KBNrg131pdFkgtu,vmpfc_17.png
IM_LCqgSD8iGo97goJ,vmpfc_18.png
IM_fihFsRqdMqNG7YE,vmpfc_19.png
IM_DjwTeDBZlMyMLLV,vmpfc_20.png
IM_IZOJw3b5f99EPZ9,vmpfc_21.png
IM_5ebk6phOqmj9MDS,vmpfc_22.png
IM_IrkmJg8v8Um6QJm,vmpfc_24.png
IM_1LkJmYJP7cXTOcK,vmpfc_25.png
IM_j0mn1bTARG2F84N,vmpfc_26.png
IM_TucdnqCFTyaTDdd,vmpfc_30.png
IM_IsfWfrEIcGVHVVO,vmpfc_31.png
IM_CV8ztGNyIqPIK0Y,vmpfc_33.png
IM_RSPsasimYUq1Apj,vmpfc_34.png
IM_QSozx185SYueHBo,vmpfc_35.png
IM_VJ1Dn4N4iNzf28G,vmpfc_36.png
IM_OeeB1glaDmwlWoe,vmpfc_37.png
IM_8EU5I9ZhBaqEPCx,vmpfc_39.png
IM_dbyLL7sDuxvF2MB,vmpfc_40.png
IM_ONP2cVRW9H1OlBZ,vmpfc_46.png
IM_O46zwggWPHOiT6Q,vmpfc_47.png
IM_WxlIq4PWxuSIJQ2,vmpfc_50.png