"ResponseId","pg_one_item"
"R_38XVirtBWEjoVTi","non-PG"
"R_67qEr703rxZJ9M8","non-PG"
"R_5e7vCy3nbA5HC9j","non-PG"
"R_6IydxRFiQ2G12Ol","non-PG"
"R_30I6tQ8sgkkVyLo","non-PG"
"R_6LLp1ZRkT0DD6o1","non-PG"
"R_1G8GBeF6278PxJ8","non-PG"
"R_7cJjMQLtw3wmtMd","non-PG"
"R_5Q0AnuVkFwBDZ2h","non-PG"
"R_6sQGpmhlw3ksmnD","non-PG"
"R_3ic3WJgZ6aQnj8d","non-PG"
"R_7etRBZ2jsvktJRB","non-PG"
"R_6kNhEuyMUlwpF9b","non-PG"
"R_3qArdP8OJgeCuhb","non-PG"
"R_7EavZVcL3A3ZkGa","non-PG"
"R_3yf4dJ3L9J2uFp0","non-PG"
"R_51LUqCwheDpdPHj","non-PG"
"R_6hpbXJoC2PPC6KR","non-PG"
"R_6oAnB09QwpjNbya","non-PG"
"R_5rfrQri9pkYyncF","non-PG"
"R_6amXYdjgporasOg","non-PG"
"R_6hGzBQPOAyIbY6Q","non-PG"
"R_1BwztGYBq2PShpd","non-PG"
"R_3M5PrJrxz2KW1H8","non-PG"
"R_7uDsikm425tlZQb","non-PG"
"R_3kS0hUeA2lXUQeU","non-PG"
"R_1ffMPw9Rzu6wsur","non-PG"
"R_5Kp4Q0WtzeXR8HW","non-PG"
"R_6vdFh4IkYfL2I7L","non-PG"
"R_3qju1UW3VVD07L3","non-PG"
"R_32R1XDSNyTGYVAl","non-PG"
"R_17o9bGXX1rzmFRT","non-PG"
"R_3EhdoD79VmV1t9i","non-PG"
"R_6fksUNreH0F98ia","non-PG"
"R_1313um8ltp5qBYF","non-PG"
"R_6dMjcWj3GWD8EzO","non-PG"
"R_3h0zobr1r6pB7QZ","non-PG"
"R_35i5cyfDisIibzX","non-PG"
"R_3Eye5Xgk4iKLSaB","non-PG"
"R_5dMAqVdv1f99630","non-PG"
"R_1NRWwynls6gcJuV","non-PG"
"R_6JxCAWCw1IXgOjz","non-PG"
"R_7JGl8z4ucGPe4Bb","non-PG"
"R_6LNZZghzTUIlyFI","non-PG"
"R_5U6UiKL17Q36uhX","non-PG"
"R_3ISquNyz1s1qspR","non-PG"
"R_7g1MtgrksD2Vb4j","non-PG"
"R_32nTc41frgcVM61","non-PG"
"R_3q2xC423oLHuOLB","non-PG"
"R_78ICdKcMczkIj2l","non-PG"
"R_6K8zf1Le39U5UCv","non-PG"
"R_12KupiIBwBAiAlT","non-PG"
"R_7itB7zhRgpKX78t","non-PG"
"R_7aryV0zJJHMF7D1","non-PG"
"R_1axWcYgeIg0SLXn","non-PG"
"R_7NS6K0ckKzR33xL","non-PG"
"R_3ab2B3gcURS6JBa","non-PG"
"R_3e7h3H9CmPZFAm5","non-PG"
"R_36RZgx00aPw0jBL","non-PG"
"R_5I6mQYvdnxvmCHL","non-PG"
"R_138L3WxYejGK0Kt","non-PG"
"R_7YG545zyuAwH2pz","non-PG"
"R_5zSejDVfxYjUQrF","non-PG"
"R_50leIBHtgptrTbI","non-PG"
"R_5lACVPPM014Wmwd","non-PG"
"R_3GnrbByp0pONqKd","non-PG"
"R_64jC50kf2fwXiOA","non-PG"
"R_6wjeDONWdHCNJ0q","non-PG"
"R_3fk0NLdiIxzKrcD","non-PG"
"R_3NeikfJMuZEEHQJ","non-PG"
"R_5ClKVwFWaPfnpqH","non-PG"
"R_7471xG7AkXS7wBv","non-PG"
"R_7JJdmquPgws7SFI","non-PG"
"R_5Bqu98WSa3SSJW1","non-PG"
"R_531awRduDvVkAjg","non-PG"
"R_3I6PL2Bnd5m6YEX","non-PG"
"R_6SicG1vZUCP2r9B","non-PG"
"R_7QKtauf23FclmZj","non-PG"
"R_6TZYbwLG4nocXUB","non-PG"
"R_1g1vgz3QFgAhwQQ","non-PG"
"R_11Xp6WTjpIMr4S5","non-PG"
"R_1PaFNv9vDENJGNE","non-PG"
"R_6T1wQD1rmx6N3QR","non-PG"
"R_5qfOcAw70W5DkiD","non-PG"
"R_5uU0dvwVvNPHJte","non-PG"
"R_3sFBnxQPk46qH9D","non-PG"
"R_6CHWDVch8w52adB","non-PG"
"R_1xUhPp3zey4FFG9","non-PG"
"R_5rYdDWufu9FV5mQ","non-PG"
"R_7hDBH7TkCn3yCFe","non-PG"
"R_7qDzfEBhnDwkUJ8","non-PG"
"R_1eb1NSTKnLSHOX0","non-PG"
"R_3VDu1BK5ATfisr8","non-PG"
"R_5dEluXxdZDk3643","non-PG"
"R_5pJspTFI2ecHa13","non-PG"
"R_5jq8Mn5ZFB4D9Ch","non-PG"
"R_7TcDCk78NjtuyhH","non-PG"
"R_7y2UeJqv33Elk96","non-PG"
"R_7ukudufgKJgWcOR","non-PG"
"R_1K8No2eE39sJWrD","non-PG"
"R_1DCD2E8uJt0KgNn","non-PG"
"R_7gT8lbNyAzSepeV","non-PG"
"R_1IbzQcUIZ4M9Lqh","non-PG"
"R_6Mm1oqYQmmdp9lp","non-PG"
"R_7smWVJpQ51w4vBv","non-PG"
"R_3Eh3FTlsiu0yIEj","non-PG"
"R_11Ql7h4eSbog1D9","non-PG"
"R_5O1djSg5wX2ZTeE","non-PG"
"R_3VD59h7RqZYqask","non-PG"
"R_6kcwU8P0KpikFoh","non-PG"
"R_3WVHRGB2jzC0S41","non-PG"
"R_5mPnRERrrGDSR6Y","non-PG"
"R_6NQdgYBqdshoh00","non-PG"
"R_6IUJwxm2U67iepH","non-PG"
"R_7AYo58CkpJRMdkl","PG"
"R_7nT3PFAEZrviE1d","non-PG"
"R_7pJpOnRfelnL3Zq","non-PG"
"R_1Cdbc0YPaonCUCZ","non-PG"
"R_6e8YopyHShDxzxE","non-PG"
"R_10xdJGGJABI6P2o","non-PG"
"R_710bC1IOA9cqUpH","non-PG"
"R_7qffoiWVZNLKuLx","non-PG"
"R_5ixPTr0uHqI2Sfu","non-PG"
"R_31db3e0KcsC3Hqp","non-PG"
"R_6OV5OalPygdHNAu","non-PG"
"R_3q2t6FfZEe7xoEZ","non-PG"
"R_5IxYYDGpPqOWuKu","PG"
"R_3QnqrkQsT6m8gGz","non-PG"
"R_5z1vGEvvn03lT3P","non-PG"
"R_6aDiWbvge35ZuzB","non-PG"
"R_3pS4UGNjUGhIFZT","non-PG"
"R_3qby870JiO6FspX","non-PG"
"R_5oYBS1C3GhrvWvN","non-PG"
"R_6f0NGQOyPoOxR0c","non-PG"
"R_6ULGxCjM2NBYE0x","non-PG"
"R_5GlYha5NaGXhs5W","non-PG"
"R_1QjwkebCB0V213j","non-PG"
"R_3NTWG9v4ZGTgOBH","non-PG"
"R_3GNzZGNnPumekPh","non-PG"
"R_5j6GBjhiORYOZA4","non-PG"
"R_6wS5TpPLUH8BNq9","non-PG"
"R_3zYN7dYYBAK9u0O","non-PG"
"R_5lyPBW3iNpEU5fW","non-PG"
"R_7asIJEEywE2iQFv","non-PG"
"R_7CZgMiBp1j6jcKl","non-PG"
"R_5OGZ4I0FqSj0zPX","non-PG"
"R_6oMjaAPnBnKkvpL","non-PG"
"R_7KiUtrBbZioGZ7X","non-PG"
"R_6huzMhFw2Poayvj","non-PG"
"R_7VPdEPFK8NVC5lR","non-PG"
"R_7j96P5KGC0KLL0s","non-PG"
"R_5EnIuaVKtrA7PJK","non-PG"
"R_7fa81plYMJGXUzf","non-PG"
"R_5MsZxvWgd71QNoJ","non-PG"
"R_3ruVXKXkCjALiuy","non-PG"
"R_3tEZf9k4YY8YABi","non-PG"
"R_323UDLYL1w6aEOr","non-PG"
"R_7QVTSE8Pzkp36lH","non-PG"
"R_7XtEGFXxOJgoM93","non-PG"
"R_1SwA1RGEhCLJZrF","non-PG"
"R_7ebuDuMKUIL9zyi","non-PG"
"R_5wWzfbWu0jq8Fc5","non-PG"
"R_50Ptqz8nPx7YHQD","non-PG"
"R_3uODD2pdNI8jXXP","non-PG"
"R_7uDQOrG28WLjm4m","non-PG"
"R_5R4LrQ8jXinBsMV","non-PG"
"R_5gFuI6Zdce2HOMq","non-PG"
"R_6NFhU0bXejXyu3v","PG"
"R_5dv8MJ9XT2tsOk6","PG"
"R_7MDxBq8mtH5I2a8","non-PG"
"R_1OXquApJXnrC9Hz","PG"
"R_59BGTvIulbj5Ok9","non-PG"
"R_3HSylAQObjq7nOk","non-PG"
"R_5ikEQ9CFFY4yKnv","non-PG"
"R_5cpAUcYiSFu8pFr","PG"
"R_5FncB44tYK8cz8R","non-PG"
"R_5IQCuxi5CkbT8HN","PG"
"R_1kFgIarWRGRiNHk","non-PG"
"R_1jNjo5BcokYvGAN","PG"
"R_7EmnTpRv4SVEkHD","non-PG"
"R_6lJ7CPijxHhmHlf","non-PG"
"R_6g7n6d7zHUwIoMX","PG"
"R_5RMLoJsyr6kr6gN","non-PG"
"R_3o8c5VkhDvyoBfB","non-PG"
"R_1Gg0qg71vPhfaav","non-PG"
"R_1YAfOl1rXVFwEkk","non-PG"
"R_5foOmJLH4T2YLv5","PG"
"R_1P6qnB3I6C4Vb09","non-PG"
"R_66jPZqvTxJhlvLH","non-PG"
"R_516BC81lOL3M6Qh","non-PG"
"R_7gZSKxivcLjxOJr","PG"
"R_59zetEikIlYTIad","non-PG"
"R_6eqJTSW3zwu7ANE","non-PG"
"R_5hxswS2xy8GQ8qP","PG"
"R_6gSi5HhPt3oAxfR","non-PG"
"R_3cwq0wtPh8hsz81","PG"
"R_57aHAd10ZZNuNxf","non-PG"
"R_3fnMhk29KXeSNNv","PG"
"R_1Mp5i366LBfPz2h","non-PG"
"R_6VgwOqGHVJ9OhaG","PG"
"R_6sYM7BVH8NIIYyL","non-PG"
"R_68VdwXabFtrchAB","non-PG"
"R_5tr3EtXA4JtjBK4","non-PG"
"R_7cc70RHrlvPR3zA","non-PG"
"R_3hywElMMNFsJMYp","non-PG"
"R_5YcZ2KLBmTsu8z7","non-PG"
"R_3taQqJWDTVGH5FD","non-PG"
"R_5sF3tdUQgMMs3mh","PG"
"R_1VQqjr1jMDX4D0t","non-PG"
"R_3ASdQREkJCScnFU","non-PG"
"R_3ssZNEMQJjTRgrv","non-PG"
"R_1CI5WjcD32clL84","non-PG"
"R_7N8sYhBOoS80djp","non-PG"
"R_70eQ3TMoJEkaFpw","PG"
"R_1R7tP2droQgUfmO","non-PG"
"R_6V2YSWkZewg4Mbr","non-PG"
"R_3KjX0VUXmGoF42r","PG"
"R_6CVBhsrOfyzPwP8","non-PG"
"R_7HGkxVvQiH22rAZ","non-PG"
"R_5QuOL3HQafCkeba","non-PG"
"R_1RwxoXtULUMrphD","non-PG"
"R_6YVUnYdOJJIImnE","non-PG"
"R_1njHekJDMtWTrP3","non-PG"
"R_5gj9wbDcXgY6vUy","non-PG"
"R_65YeVxqNrqJAdSa","PG"
"R_70f3kJjYxEPcEfj","PG"
"R_6oI4XXTv6BYJ68W","PG"
"R_6MnFF7Nk4n9fxor","non-PG"
"R_5zIpozcCK0Em7Pj","non-PG"
"R_72JGymiY2HhXLge","non-PG"
"R_5LveHzx1fgprU5K","non-PG"
"R_7vNtg3jwCYkxeFP","non-PG"
"R_54ICgWblx5Ukwyt","non-PG"
"R_3OqJNGKsvNTZs9Y","non-PG"
"R_7ez7MriTXjejJC2","PG"
"R_12X5wmxWTc8qh3Z","non-PG"
"R_58I4Q6hfuzXQFOx","PG"
"R_1yrHLXxiXfBpYWJ","non-PG"
"R_7OPVx66hHwwPYOs","non-PG"
"R_7XiCVkmVutzQs1O","PG"
"R_7prIEyfgxpjQhvr","PG"
"R_10wUwpQmoXdvyO7","non-PG"
"R_6rkXrCLgJVt3dDj","PG"
"R_3BA91EDJt5yeJqO","non-PG"
"R_37HTjiEy7eyRlhw","non-PG"
"R_1FLkMO3vfrw1uMy","non-PG"
"R_5C8ynOQuZHN74qM","PG"
"R_1IwmMjhBLuoyiCB","non-PG"
"R_3eRg4N5LM6CcG2m","non-PG"
"R_3A0fWLi30ZPDSVj","PG"
"R_7oQPi2nKfOL50KB","non-PG"
"R_1jiCSCifVR3LAdW","non-PG"
"R_5FJlyc0MyLnL958","non-PG"
"R_7aIYFnFjpt0UAvv","PG"
"R_5h0gUw9g6wRMdEg","non-PG"
"R_6pBg2X782vUmMdX","non-PG"
"R_3gtgjYgYKrJi389","non-PG"
"R_1n8GzjSOT8GaTQd","PG"
"R_1OHG95IozQ4AcJr","PG"
"R_7usJiKjcEwzZD7h","PG"
"R_3KljfxutjygJ3AR","PG"
"R_1pHdMVd3hcQrGy5","non-PG"
"R_7QtEnEFa3wAx3zj","non-PG"
"R_6DHqxnMKvrVBXwt","non-PG"
"R_5ePuhcORGYi2UIb","non-PG"
"R_59aWMbuIYpL4Fe0","non-PG"
"R_1rxI0dJppoKlOQV","non-PG"
"R_1wzYgUpy8FENH76","non-PG"
"R_6Sg0CtULnaAoFH3","non-PG"
"R_3TIykVe1REHdYQ1","PG"
"R_7sMwTP3HEqmcbFT","non-PG"
"R_5PZqLMxUWGMxcIY","non-PG"
"R_5Rr4JPCkcwI0r8n","non-PG"
"R_7MlzTKkdXR9Aklr","non-PG"
"R_6cUpbnrwRnxakjh","non-PG"
"R_7YM6Rf2fdp8KueI","non-PG"
"R_5eL8vtV1yB7vh1T","non-PG"
"R_5rjShz1zc8hZVYE","PG"
"R_1OkCwKXdfwK5aqB","non-PG"
"R_7mDwOBw7s0qaQtq","non-PG"
"R_6dcNHppBA1Mp9Fe","non-PG"
"R_3wKU79SyjdyBMnk","non-PG"
"R_3qjIhgK5y3nUjpC","non-PG"
"R_5MbZihlyeCN4Qh1","non-PG"
"R_1qCWv1qlEmbuDLo","non-PG"
"R_10UxMDsMVIhnoh9","non-PG"
"R_6JiaiHsBq0h426B","PG"
"R_6CmetbM7zLZMhQa","non-PG"
"R_3ob7v6i1y9xUXQB","non-PG"
"R_3wjg1sZe0EkZHul","non-PG"
"R_3dKEPjLL1Nq6CrH","non-PG"
"R_18sf7b999Pv0w7f","PG"
"R_1YaLMRsxkrfQT9n","non-PG"
"R_5aFwsuByz1zLHFV","non-PG"
"R_7DO9gDBqtctC2Cb","PG"
"R_114g6pjuBx5AvQq","non-PG"
"R_7CNj430G9Gf6zkM","PG"
"R_3mUl4hnWkQsOtFp","PG"
"R_3GIAMSJFo6rQT77","non-PG"
"R_7He94ppuZrxRUXv","non-PG"
"R_58aQ9Lqu9T1jSbT","non-PG"
"R_3CDuwlSLevvpvPd","non-PG"
"R_10SgocvjcYGUOop","non-PG"
"R_5LgUimIlyauBn44","non-PG"
"R_7n1rRn9eyOS2Apu","non-PG"
"R_7yoeMH4cTH4yK9r","non-PG"
"R_7zDtMIE46cG6gN3","non-PG"
"R_5R1HoLDPMo5Qjq8","non-PG"
"R_1PHMnWDyU33tkcA","PG"
"R_7i5kRVat6jVWK6Q","non-PG"
"R_1Mm4TUF8lN3RH4h","non-PG"
"R_7lcb8GLvIYqVLE0","PG"
"R_6t9W9dvlvurObRd","non-PG"
"R_7F4Kd95yZmIuur2","non-PG"
"R_7PBbR4M62NpzphA","non-PG"
"R_5PDwTdxYhCMiqKl","non-PG"
"R_5TKRnfxPPN6kAyR","non-PG"
"R_7jW0xD08RZNhLMd","PG"
"R_5f3Ove9840ufj43","non-PG"
"R_1Yycgl6YkfeDV5f","non-PG"
"R_1w0LAI68jz3tHhs","PG"
"R_7HjeA5NVqNHEn4b","PG"
"R_1JdYMIXBbFnRhMK","non-PG"
"R_17TE3uIaNjj5GAS","non-PG"
"R_6Y4aGORvjvLXwT2","non-PG"
"R_1g0x63j7ZqA3O2L","non-PG"
"R_8tPLj3W5d5J65bj","PG"
"R_6fvkdtpITkdmssM","non-PG"
"R_1nblzQ53UCyyChb","non-PG"
"R_5pSBX41VIENVGlb","non-PG"
"R_3FHZz1SlTev7QDn","PG"
"R_7PUHaeEXlSIozB4","PG"
"R_1OrmfvViIIXPDdr","non-PG"
"R_5WJzyXm1bPb1Mqr","PG"
"R_1mL80iqJBhDtnVr","non-PG"
"R_1VcbQ3znfpYryoN","non-PG"
"R_73BSGFP020mNMRZ","PG"
"R_7znMte9Fn0Kw6yq","non-PG"
"R_5c6nqaZjkF2vfuj","non-PG"
"R_74HSw0iTvD62TuS","non-PG"
"R_3H0oNQ7oDr9XRRH","PG"
"R_6102HTDOsz0J6SJ","non-PG"
"R_5vcqYL0BizsO7Qd","PG"
"R_7dogZ0Oz7azj1Xw","non-PG"
"R_3f2DHwfgRS0sAJG","non-PG"
"R_71TYMAVazqHNOcV","non-PG"
"R_5EHpaPbouwc4Aui","PG"
"R_169hOny4gr1kra1","non-PG"
"R_7DBxEAwbQm3IGaZ","PG"
"R_72VqWQ64cS9s1eS","non-PG"
"R_5qKBbFgLjUv6MvY","non-PG"
"R_7S8Yw1ljOZQdAUV","non-PG"
"R_1ygyr8RAzKWxizU","non-PG"
"R_1zx0Ht0LHoseGoD","non-PG"
"R_1EWOAaGRUzstYXe","PG"
"R_3aCtBWhSdvXdKIv","non-PG"
"R_7qaqCc0Dq7AD704","non-PG"
"R_5zJj0DBWnq8VaiF","non-PG"
"R_7KBKtmqWpZeeFIC","non-PG"
"R_7sd776tgHyHsY4x","non-PG"
"R_7jd2sk5m4kwCFkh","PG"
"R_1uw8Em9r995XY3H","non-PG"
"R_6PdMi1TwYvawJlW","PG"
"R_7h6E7YF3YFBnKpD","PG"
"R_7qHB1hl0ryivssd","PG"
"R_16aV2o4LR1hMeDb","PG"
"R_67PcRAXtMP0JUaQ","PG"
"R_3gCQAlE9kRFCBjz","non-PG"
"R_6qwfdFvKxe98zeJ","PG"
"R_70uDhyahvtsqduM","non-PG"
"R_7K2UaEf13kPFlf5","non-PG"
"R_1m2a7udOCDun13J","non-PG"
"R_15F4qBHBI8cfkAB","PG"
"R_5qgj4blxxqm1H3i","non-PG"
"R_3dHciQA5t6DOvw3","PG"
"R_3dMlw1oFPhqtbXI","non-PG"
"R_3LbDPvF5pZ04z9T","non-PG"
"R_38NVKpny3dgtqyC","non-PG"
"R_5EiKfJljrEZ15zh","non-PG"
"R_7alPva89UP0o5eG","non-PG"
"R_1Pd4ZMroipqVHCj","non-PG"
"R_3HRRLg2KU5uPl6x","non-PG"
"R_5JgfZUL3aaCOYpO","non-PG"
"R_6dGknuFTemF90Vf","non-PG"
"R_6finOPOpHNPbG1j","non-PG"
"R_1EAsCCQKlzUirN1","non-PG"
"R_6zTpgls81lmbP0t","PG"
"R_11tlkNzOkYrwCUS","non-PG"
"R_6dFXBS5Si207siG","non-PG"
"R_6F06Glbz5OzTcL7","PG"
"R_7IrPij1BKJtdzbR","non-PG"
"R_72Siro7VW7tRzkZ","non-PG"
"R_1yX02JbLMN46ckp","non-PG"
"R_5zaS6WQFyO5qPmN","non-PG"
"R_6ldSvtUjE6pIjKN","non-PG"
"R_7rOG1T8grQYPs8h","PG"
"R_1AQLRnuKuEWNIkI","non-PG"
"R_1I6RIVENtMLqQUB","non-PG"
"R_3MXNNpQV2QTJ9Cy","non-PG"
"R_5PAwH071nrHgdJX","non-PG"
"R_1w4z1tu6mG3geuB","PG"
"R_5xzz9CXJ4AvzLcl","PG"
"R_6stlrHG7rffrDXP","non-PG"
"R_7iufYs99mW3yj5L","non-PG"
"R_5bWpWG1wlKatK7T","non-PG"
"R_5lCJPrnlL8uEYfv","PG"
"R_6GhiklJsQhaWgnf","non-PG"
"R_3r0y6BLStOncJIB","non-PG"
"R_60GddwPLZm2WSpL","non-PG"
"R_60P7JYiwnN3GzGk","non-PG"
"R_6LopW5umgokWXAU","non-PG"
"R_1pF8QYJFGD4hoCB","non-PG"
"R_3CTlFsCWnVhuvNW","non-PG"
"R_5H208Tm2byZ91Wb","non-PG"
"R_1F37Kmyp23VsB59","non-PG"
"R_5Ibmzt5tVhFDd6o","non-PG"
"R_5tE0mtDRo0YJ5aV","PG"
"R_6jiVTlT1R6EqKVe","non-PG"
"R_1rIk7td49Pow0et","PG"
"R_2oEC4HxII5jKLLL","non-PG"
"R_5ylvzzWFHrbDGxN","non-PG"
"R_1RxHm4OOuJlfpa9","non-PG"
"R_3McBmfq2KRDKQEC","non-PG"
"R_3ohy07eHUUeYKp2","non-PG"
"R_1qI5L2BLlPaAblK","non-PG"
"R_5PcoGWjFsRj1joE","non-PG"
"R_5WDB38s1vy5QYXV","PG"
"R_5e4NnaSSq4hFvKT","non-PG"
"R_7prJE4PhW8CpLxY","non-PG"
"R_11dqQxHnak3INK0","PG"
"R_1sayNeYv020u5P2","PG"
"R_1gqAMEtVincD3Mx","non-PG"
"R_7I75ACYSV00s1xA","PG"
"R_7fkm7IRFmJBvH8Z","PG"
"R_1gTpXjQHhju4ku4","non-PG"
"R_5DSfVLR66aTVyJX","non-PG"
"R_5Hq3m8mu135Eamq","non-PG"
"R_5igRmYVFik4Dfbz","non-PG"
"R_7kcQizqGgcWrDgJ","non-PG"
"R_1SigqWleAcLOX18","non-PG"
"R_1GuohUMMUEnFvRn","PG"
"R_1J6ANvk8Fq9aVe9","non-PG"
"R_53xVrBm2sxauD33","non-PG"
"R_56kHJEAy42p6fep","non-PG"
"R_13jeAW48Huud0cN","PG"
"R_3431dwm2WlFhKox","non-PG"
"R_5tllqoBWhJMjVLn","non-PG"
"R_7v3ctLFVjoKz0pK","non-PG"
"R_5RkoVc51g5LX74M","non-PG"
"R_1P0hCbjU556NeVt","PG"
"R_5kUFi3285msYNmp","non-PG"
"R_5Mt2Ssx1UR9Bu7v","non-PG"
"R_6Keox7S6SKhqp0J","non-PG"
"R_9qTXNQzcUzej4rJ","PG"
"R_7Do44e0FzIKW61m","non-PG"
"R_3pi2cf2s5Wk8Hbf","non-PG"
"R_61G9f4NTJ1OFOUp","PG"
"R_6OYI8Wx0Yh8Oy5x","non-PG"
"R_7lgJ0wSMeyqbLkM","non-PG"
"R_7maUNcUixGsUwVM","PG"
"R_5CIp3b0EeTBsPeB","non-PG"
"R_77HP1j2rwKQe7N7","non-PG"
"R_35sflNi1UfK3GgX","non-PG"
"R_5l49BYgerK37t0B","PG"
"R_6VPwmew9n51jfhv","non-PG"
"R_6qfD38WBGs83PA1","PG"
"R_6sojCaqFbEVE0kF","non-PG"
"R_796XHMtpGldWMfD","non-PG"
"R_6gBkRCJzWl9nLyZ","non-PG"
"R_7CkUojfXdv83rVS","non-PG"
"R_6bUJOXQEMmerkGJ","PG"
"R_1MNjVMHuxVNF9vh","non-PG"
"R_3QWy7IDjLL7BsyZ","non-PG"
"R_1Ivoupgo6cPb4Vz","non-PG"
"R_5jNiaP9MZBLp8We","non-PG"
"R_65HCxOsrOiKfAHO","non-PG"
"R_1Pc8wxv0ZlELcsM","non-PG"
"R_3M0yEAfxtGvjxgg","PG"
"R_5ml43dIlAw8oIUL","non-PG"
"R_7HCDGhzCVyMcWRf","non-PG"
"R_74Jnn31p8bZJ0oV","PG"
"R_14cqqmC18GfGrlL","non-PG"
"R_75ucgeXStJa1V61","non-PG"
"R_7fpuylnspmTVhDZ","non-PG"
"R_7oHoBfFvzG02dPx","PG"
"R_3aLKr40ggIcY3Sh","non-PG"
"R_1GjIwQ4QXOAiYC9","non-PG"
"R_6afwr302sZ5FdwG","non-PG"
"R_3JRHjFHo4dug7vP","non-PG"
"R_17Ch8wcmALBzGsh","non-PG"
"R_5roJofK0pjcS6D4","non-PG"
"R_7uQFgrlb8gUiu4G","non-PG"
"R_1wGi9qq07Whb26k","non-PG"
"R_7TTrPo04jfcdqT8","non-PG"
"R_1ansoMEzya1SoHV","non-PG"
"R_3S93nGR1rveZsqE","non-PG"
"R_7CwGoJGPPGQCqYi","non-PG"
"R_3zqKeoTgNEjbqaT","non-PG"
"R_6YnfscV6JUhC2IO","non-PG"
"R_57SyBCB2WuXpQl3","PG"
"R_6fl1Cje1nzzEqTt","non-PG"
"R_1Z5B8gSr6ms3TIB","non-PG"
"R_1to7h2sr7mOYwdH","PG"
"R_3oJRpsDvPPeXwxH","non-PG"
"R_5DvTy7gRvsnJFlf","non-PG"
"R_6AGMvKD6asAi17f","non-PG"
"R_7rJ4KRWsQQehYLi","non-PG"
"R_5K3GpWFOAgsRDmY","non-PG"
"R_18IEZEGCBmQ2QGZ","PG"
"R_741SXbyfRKi7Gdz","non-PG"
"R_7jAa7muxvbj6VfH","non-PG"
"R_7ZbXnsQUZeEczCN","non-PG"
"R_58JkO0vNl64sBQ5","non-PG"
"R_6fNxEPNSxfWVXCV","non-PG"
"R_7LFp9JfEfzRZN9T","non-PG"
"R_5imU0pR4LvN98ob","non-PG"
"R_5rdhhnq2msr4Z76","non-PG"
"R_7OVm8AfdCMyQ9MN","non-PG"
"R_5tEHudzMUduPpvp","PG"
"R_7VgR6sHl7EZK123","non-PG"
"R_7g11nzA2jjUGmbK","PG"
"R_3wbm19TpYalz4t3","non-PG"
"R_7K0UXUthxYhSA0A","non-PG"
"R_3pzfaf2zS5IXoRN","PG"
"R_1KnyBcZsWHfSfNn","non-PG"
"R_7NTV4FIYDIiLroV","non-PG"
"R_35TRQRUFWQLKFOx","non-PG"
"R_5pPh0hxn4w8gztS","PG"
"R_5rYrCxZ79sliXyb","non-PG"
"R_5qP9pcvJiErJg66","non-PG"
"R_1my0gusJNwVN47S","non-PG"
"R_3WUzt3NkpV5zakt","non-PG"
"R_7RWkqOusSPiqPeM","non-PG"
"R_5uwW1GNPHEPZEjP","PG"
"R_5WCihAOgcUedcZk","non-PG"
"R_3MR2wOcKDEOtwyF","PG"
"R_3m1UZFQc7rb44l9","non-PG"
"R_65EAY7lqI7ivK4L","non-PG"
"R_3gRbotitIRcBM7b","PG"
"R_6ePcGCUHHITSAEc","non-PG"
"R_11szzmPs5mGRu6J","non-PG"
"R_5gj5yKRvpTzaVNx","non-PG"
"R_75tnqr6vGdsHloP","non-PG"
"R_5RyHeKsHGHX3r7X","non-PG"
"R_3uxMDIM68Ryg7Zb","non-PG"
"R_7IQPqmlATzALGUO","non-PG"
"R_3xDlq2S6uPw5w8P","non-PG"
"R_3dYGhjebxDJwtJ4","non-PG"
"R_170LRwVEPhBnadb","non-PG"
"R_5DpW3cwN0vrKupI","PG"
"R_1YJ4PhVqGeXyzaV","non-PG"
"R_5wLKofpoMG6ifbr","non-PG"
"R_1i1OwAEpRdxdVN7","non-PG"
"R_3M9xhlRWE2z06ER","non-PG"
"R_5LtmRRCFrFNzPxb","non-PG"
"R_5lt6t4j8YY71s3C","non-PG"
"R_3flcaFWiEzGlW0z","non-PG"
"R_5R4wMYSZx064Fxq","non-PG"
"R_5JfL2nIAUug4iPa","non-PG"
"R_6oM8rMgHrXTOZ0o","PG"
"R_5pKjJBb1i8PpMbj","non-PG"
"R_3COVtMZnAkIXYQx","PG"
"R_3RTiyVGeYz0aYlX","PG"
"R_9Ko6VUlnS5brTqN","non-PG"
"R_13f26CHXBygN3UE","non-PG"
"R_6HOG4TBXusNkrXT","non-PG"
"R_7isTWLL25asnz86","non-PG"
"R_3nNsH4otQiGWhBf","non-PG"
"R_7CE0guvfyrrt836","non-PG"
"R_7fZQD4Jf65YZHCU","non-PG"
"R_7Hzwt9UmKWEwFQH","non-PG"
"R_1coUgYVdOvnwtTb","non-PG"
"R_1nwsNfArFfIHHtB","non-PG"
"R_6veV1V1XDql3BJi","non-PG"
"R_3PRnL9GkacgrAn6","PG"
"R_6m37LAKqjV0TJuC","non-PG"
"R_1WJ8M91QaGqkKrx","PG"
"R_7QEZnQTtIJiVFow","non-PG"
"R_3E1lAhesUhGJxEd","non-PG"
"R_3CNS4ExL4KVFzTw","non-PG"
"R_5q8XXif9YDAgoQV","non-PG"
"R_1pVBtsd9NtU9y8d","non-PG"
"R_5Tdv92OtUPduJbP","PG"
"R_1ZpdzuFb6nfizmN","non-PG"
"R_6jTBkys7hizQQIH","PG"
"R_7jUlInnnlaVlm8J","PG"
"R_5SwchB5xw2PBOO3","non-PG"
"R_62gNZjHo4EQTbBy","non-PG"
"R_6t3Tr4mwzMdFcAg","PG"
"R_5r2HFQsXV0AewHn","non-PG"
"R_1diUIDmLMvzF6aY","non-PG"
"R_1IsWVQc0OZa6DNr","non-PG"
"R_6zCi0ZMwXNY1dGs","non-PG"
"R_7ey8UkBc9W3Pnj3","non-PG"
"R_1Hno6wtMOtcC0cW","non-PG"
"R_6f6SFVdsQoo2mz6","non-PG"
"R_3mk6xQHooB8Huby","non-PG"
"R_5j8p5Vo90h0FG1x","non-PG"
"R_5GVVqzHEujWmsNP","PG"
"R_1e8rHsVDW9fQOzo","non-PG"
"R_3XnsJpTLws66Xar","PG"
"R_6ESDeeWeeX7ZQeG","non-PG"
"R_1DP9eJZCP1OBbNh","PG"
"R_12eqqTBycuY6KFr","non-PG"
"R_3PcpXLqgY3JN4Ac","non-PG"
"R_7DYWGg0sn2qvHTX","non-PG"
"R_5SLTqvccMdG5oul","PG"
"R_7vpFRXW8ufjTUiZ","PG"
"R_52lhe45eUySh6NK","non-PG"
"R_1VaolO01zRBuxUY","non-PG"
"R_5Ky0tWaYFSLDAT5","PG"
"R_1FRqnmZCAG3xmWl","non-PG"
"R_75TpK6lYpXxnUGl","PG"
"R_65uuOBQuhlHu4cy","PG"
"R_7DrS6Fm6TrOqra9","non-PG"
"R_5PzNB33lG690A60","non-PG"
"R_54DicyqwBIaTQvR","non-PG"
"R_5JrblWrGRpNsRAW","PG"
"R_3GNvpqbl7vKY4HQ","non-PG"
"R_38U7lY4dRg210M2","non-PG"
"R_1kyjyFMadgqbC1P","non-PG"
"R_7kby0wT3hZX3eTL","non-PG"
"R_6LGrAKPdslOIyjH","PG"
"R_7kG3WFkHGrSbhqN","PG"
"R_6g6nUxrNBYlWHG3","PG"
"R_7gT4ovKVXu6wfSg","PG"
"R_6WOu2X3EXLmpG5j","PG"
"R_5D7AvHDLoubPD6d","non-PG"
"R_5sp1OTcYxdTBOPc","PG"
"R_5feArODia9KIdNJ","non-PG"
"R_6813LD5V2VBexyh","PG"
"R_5wtMvFOrwYs2lmV","PG"
"R_6COZ2QDg7ahTBro","non-PG"
"R_30dmf15IH492c6J","PG"
"R_7uplO4CroJuK1Bf","non-PG"
"R_5E112Kdc9B5eeIq","non-PG"
"R_6EiyxtDCB1wuyL5","non-PG"
"R_1oAQTesiRxTvn55","PG"
"R_35NGvxIeJE1eqfZ","non-PG"
"R_70hO1uBKtZ5Y1Ls","non-PG"
"R_72D8qSiOPXzVZ9R","PG"
"R_3ESboLdcNKqTQOS","non-PG"
"R_10OsPGhyDwBI9kE","non-PG"
"R_3Jg52uGh6mYxzJ7","non-PG"
"R_61hFbc6r2FVxfhi","PG"
"R_5azrZRXFW70Zl2M","non-PG"
"R_1X5v6e6MRhn3CTo","non-PG"
"R_1E9EKMVWG0b4myE","non-PG"
"R_7wvRFUArj8pMGpO","non-PG"
"R_161xBTa6RbcVN3X","non-PG"
"R_6Pjuw2O3aqRXaCU","PG"
"R_6TTP7rYj6gNjHKW","PG"
"R_5aCB9Qv1zahCbqV","PG"
"R_1170WjJHEpEXtWj","PG"
"R_1eappizCnpLxqEs","PG"
"R_1FCDb16uLfJe61S","PG"
"R_6zwNlroSnUwo2Y1","PG"
"R_6JFIsFakh0FzHSp","non-PG"
"R_51hi0ZPPmGnC4kd","PG"
"R_3aLaYt5sSDkTZu9","PG"
"R_1M4t1aCyvI7hvNf","non-PG"
"R_6FQwI5rrWRakAm4","PG"
"R_3Qo3HmUgryPo4vx","PG"
"R_7oWbHJRx9eVh3mF","PG"
"R_3hsStidCOPFiW3Y","PG"
"R_31twatt8LnXzkIy","PG"
"R_36TKpb8ZmQrG1Md","non-PG"
"R_6LHyi9WBKC5FUVg","non-PG"
"R_1lnl6Ks5BzlkQAb","non-PG"
"R_5Kdnbtdn92gv3g6","PG"
"R_6kTgvMGPho58kd2","PG"
"R_3Yyr40HiOUWXoL4","PG"
"R_1KeRptZnJeUCirK","PG"
"R_3qbb0SLpXxxiZmC","PG"
"R_7Fqjq4qdiq057IR","PG"
"R_3DGSVLkpPxRUC5j","PG"
"R_5MiBxGHwkvjd5fS","PG"
"R_5YTYvErYeB7OXAJ","PG"
"R_3MrOtETZMxyQ79T","PG"
"R_1t9bxsdmklM5cEE","PG"
"R_5IEtfH3JvpcVhac","PG"
"R_3Ed44PhFYdVkg9H","PG"
"R_5KnouKJdDXyA4Uh","PG"
"R_625ydHqllwQ449y","PG"
"R_3iJP5JV1LlKLLUS","PG"
"R_7dFOEPORpH5vgTn","PG"
"R_7oQLvdqVeX0KEpU","PG"
"R_6NaVxUE5LLOUlXQ","PG"
"R_3Ptj7hKnqAjIYef","non-PG"
"R_71A2ClMIG4OGeeB","PG"
"R_545IPftqM571fTX","PG"
"R_1RuoYcrkEweLS5r","non-PG"
"R_3hLQ7Joirxm7awc","non-PG"
"R_5oOUns02tRPImw9","PG"
"R_7j3agWxGKcTpHiZ","PG"
"R_3QyBUl5z6ucksbV","PG"
"R_7KQ2FYz3n58GzNe","non-PG"
"R_6iAa5nVnm6BWaI1","non-PG"
"R_5kRN7UyzQmL5c3o","PG"
"R_1Ea6I3fCrmPGeYj","PG"
"R_7imUoqivVEbziVk","PG"
"R_7pRKZd8tmoUNQOq","PG"
"R_6mlESN4QArS34U9","PG"
"R_6cbWWX0zPCvbauv","PG"
"R_5YxEPX40wPYohnr","PG"
"R_1kBtfHS3SD3r3JD","PG"
"R_77QkQMmGppCtLY9","non-PG"
"R_5IfUVw0ksInfSm7","non-PG"
"R_7jZK2iZDIUmc9gD","non-PG"
"R_5vldEJKdaodzFFf","non-PG"
"R_3QEX6liTEgJ8HIJ","non-PG"
"R_5IYabWsm6nMfFRX","non-PG"
"R_60BL20lGV4eQGiY","PG"
"R_5qwdKXOa7Hw57b0","non-PG"
"R_7Lb8Fic06UfMAVj","non-PG"
"R_5oAztSzty8uQOMb","non-PG"
"R_50bNphWOSre1AYf","PG"
"R_1Dr6VHcsjgsvXJM","non-PG"
"R_1nTKiKrWZdmlJw8","non-PG"
"R_3tJBSOV0wYaJFhn","PG"
"R_1D5rN1W6yXzVDea","PG"
"R_3XrBxzVCVDiZfUJ","non-PG"
"R_7gQ1PzcsaV46W9b","PG"
"R_7oehtxp4XxtLsLU","PG"
"R_7EbRGRmuQuiEu9L","non-PG"
"R_6RXjdQP47ZnOxc9","PG"
"R_1B5NM2vXggPA4bU","non-PG"
"R_6d2ognAHiZS1lex","PG"
"R_3DwDXACHoQkGkFL","non-PG"
"R_1Kv7xLwGgK9y1MJ","non-PG"
"R_6a8OTYFpUUCBv9j","non-PG"
"R_3zAATMQJDMn0z9D","PG"
"R_1wp1nCfIdq7Ghvw","PG"
"R_1MPDcfqHGRJsASq","non-PG"
"R_7f7Os0VfsV1bBqD","non-PG"
"R_71Rycl1SRLOXjdl","non-PG"
"R_3MSqMUSmHrf877f","non-PG"
"R_3uQ905LnwDukwBX","non-PG"
"R_16CQFut0Un0sG6R","non-PG"
"R_50O3NasU6D2NPwp","non-PG"
"R_3Y7iapK9nv5QW2t","non-PG"
"R_6f1zGTkG242oTpn","PG"
"R_7Hpp5Gdhdrii3ZP","non-PG"
"R_6aFWNDb1QCg7xqG","non-PG"
"R_7azQR2LfXuwQ045","PG"
"R_32mL6251A4OMWo1","non-PG"
"R_6zqCjHrr5VS8dhK","non-PG"
"R_58B834vt2VIsTjq","non-PG"
"R_3styNTEwLflkXBv","non-PG"
"R_7z6F6a8qSEtkUpu","non-PG"
"R_3BrmmIqLHGzgOtt","non-PG"
"R_3jqRXuYDV7vJHz3","non-PG"
"R_30KYXrzXgk1sCjL","non-PG"
"R_19tzlf6Bzch4aMz","non-PG"
"R_7HZDtfpr1lylGB2","non-PG"
"R_7dFH73kadpEEdMR","non-PG"
"R_3uUqhElAGbUAu8K","non-PG"
"R_5PzexzzrreikY11","non-PG"
"R_3lGhil9rbRSapBK","non-PG"
"R_6foLbP1LihRzBBG","non-PG"
"R_3j7xWUAFf8oQy3E","non-PG"
"R_3QloNqa4C8JA14A","non-PG"
"R_3F391TZADduEmBp","non-PG"
"R_65MFKWx6DsVNFgp","non-PG"
"R_6BQ4PdSlgJMjsSW","PG"
"R_6PiEEuV6F7GeCfz","non-PG"
"R_13LGZpxIVvIjkQx","non-PG"
"R_5C8iryvOPDgr5D3","non-PG"
"R_76JAAI979BSbyoh","non-PG"
"R_3y1qpf9dR062ozs","non-PG"
"R_3EnH2xACQU3m6UE","PG"
"R_6hSD7bHfgdexwkf","non-PG"
"R_7gSXadCWe1EZaMt","PG"
"R_7IyNizJs88szDN5","non-PG"
"R_3WAn43z1xujRIKR","non-PG"
"R_1ZQVzSjNzuSBY7T","non-PG"
"R_7my0lOdaHONUtac","PG"
"R_3QM3ZCFHWHHIqvA","PG"
"R_3HAuZPtNk9IdXVv","PG"
"R_137EjjJuUw85SKC","non-PG"
"R_1rqNVK3iy7pW3l8","PG"
"R_5KgVOPvf1NtFFQJ","non-PG"
"R_129TVln3oHIxpq9","non-PG"
"R_6FPQNWQNDaVd1hv","non-PG"
"R_7qrm8XbUnmqGIky","non-PG"
"R_1Q47VVl4Mr2nAkx","PG"
"R_3MwB3qunp2M6XKN","non-PG"
"R_3z7BUOjeTOxIvAJ","non-PG"
"R_5gOfedapFM3Ojol","non-PG"
"R_70cPbehz8YgjlAD","non-PG"
"R_75MCXE9iAmtsevV","non-PG"
"R_1tr712tjfR73hFG","PG"
"R_3E0gaNpg8ixuFG8","non-PG"
"R_5sZvJQyM6qKw9kf","non-PG"
"R_3mr5qyBCh8nDuok","non-PG"
"R_3ojXijZq4z3B08n","PG"
"R_6BNWPRT7rx1lpQd","non-PG"
"R_7QoXGIhQ6ltnz9D","non-PG"
"R_1PWpThWl7C85g65","PG"
"R_1fkszSr7PdTiFar","PG"
"R_1kGIRsNE7LNC5GH","non-PG"
"R_7j3abBq8VjyMdaI","non-PG"
"R_3I3DzLnCrGOhKMx","PG"
"R_73awMk9MUM9Wt7b","PG"
"R_74CrzwchZluPqTC","non-PG"
"R_3KV1xuzqAuxbJAd","PG"
"R_3n6HZ84xXzVZYWD","PG"
"R_5fltE28G8y5O2Nf","non-PG"
"R_137uU0cle84C0Eg","PG"
"R_13loJdlauVfZGet","non-PG"
"R_1z3tvcxEft0V8Bz","non-PG"
"R_70BEUnP9rajbD9q","PG"
"R_7Kr2dRserR88akN","non-PG"
"R_1NE7SPaqhcRo38F","non-PG"
"R_3Kd0ScxBeORmEup","non-PG"
"R_7dzmyOOs2upBV8i","PG"
"R_5GezpMhG5goUznd","non-PG"
"R_5kSf2VgpuYiOlhf","non-PG"
"R_3MA4k0zsZQcdJDP","non-PG"
"R_3wNf7MTZWA4OtYs","non-PG"
"R_1gXE5Tu9JMZtKoF","PG"
"R_1jXlpw7NlbcsXe1","PG"
"R_60YXKHoxZ9pM88c","non-PG"
"R_1nOvcmcwAZmasnv","non-PG"
"R_3Rn9S8JLpumEayd","non-PG"
"R_3gwIkd6W01wNgxW","non-PG"
"R_5bnYPjPBLRih4u5","non-PG"
"R_1CHjIG3AYAcL3jo","PG"
"R_5N4vuCrAZwl7GGE","PG"
"R_5P05fOIY0EaSYPX","non-PG"
"R_5TAzlO7d4sUCnbX","non-PG"
"R_3Olf80nWFmmOSDu","non-PG"
"R_3n9j4KBCzsSrNmq","non-PG"
"R_6P6bCm0bhGY83GF","non-PG"
"R_7PZA0G9I5noAZwT","PG"
"R_7g9lcoV826k1byN","non-PG"
"R_50S6lE38rGSOmGd","non-PG"
"R_51E0WEpVsh8wfyV","non-PG"
"R_14BntYuTlNkORLb","non-PG"
"R_1oWY7yvZJq798bv","non-PG"
"R_3EsnRLEJX6rMS3z","non-PG"
"R_3SoBnEqWgFpuucq","non-PG"
"R_5EGdextoNLmtP3P","PG"
"R_5dAS058eVSScQOB","PG"
"R_5lW8nxS3ED8IwtD","non-PG"
"R_6sTHiqGfAZWdwUk","non-PG"
"R_7J559ajJq0WRhKN","non-PG"
"R_5HnsvN5jscCb3zK","PG"
"R_5jMU3x404AXXbNL","non-PG"
"R_32RNpNqvxw5NK5s","non-PG"
"R_5rVffMsBwjBxttI","PG"
"R_6PHJ2KWPUjRpeb7","non-PG"
"R_1ByxdcDcAFYIHUm","PG"
"R_1Ya0cOGHwfG4HRq","PG"
"R_5ePlK0DXvkNIAOE","PG"
"R_3dZaJNggSvlZfe7","non-PG"
"R_3kiEnofq1ydilqd","PG"
"R_3otLznU9Mjv3EOw","non-PG"
"R_6njg3OGBEiP8BAl","PG"
"R_3HtSz56NnEbZgFH","non-PG"
"R_5sBoPbDVLGGucl4","non-PG"
"R_6A89ny4xCsitc6R","non-PG"
"R_6vZC2n3E8MH60yJ","non-PG"
"R_1tTi3nQnh16312F","non-PG"
"R_7lR9TGRHqZMbUzL","PG"
"R_5CPIDhHhcVO1ksY","non-PG"
"R_5dEmQAxc6pREwrk","PG"
"R_5riQTcKu04YrJ8Q","non-PG"
"R_62SeFKMsQtZrCAI","non-PG"
"R_1f4fdJ2VCj3UYzn","non-PG"
"R_3dQZwswfqhpZQGd","non-PG"
"R_5B2PbRLXHku3vb1","non-PG"
"R_1Poo6RkrQbYcd7V","PG"
"R_1jY5VJbZTLJJ4A1","PG"
"R_3U4rqMUIErVMXn1","non-PG"
"R_3ZE7RNkQ8B4x1Ix","non-PG"
"R_7QXbr2n5EJdFLrH","non-PG"
"R_39gFtnOa6brbk7s","non-PG"
"R_5RkXHvlLA9F4UE1","non-PG"
"R_6E5y9wklvMsvTvI","PG"
"R_5OOeuSwF3NoDGmJ","non-PG"
"R_6rGcfY3BsgI3pOZ","non-PG"
"R_7g60wvmZzpv6ev9","PG"
"R_1iiqgW8jryQPdfj","non-PG"
"R_6KpxWcTLOt4UajG","non-PG"
"R_7Eji2ZMJKXWSYfq","non-PG"
"R_1NvKKT5Pv3LrK93","PG"
"R_3rpFBgzWe95J0GH","non-PG"
"R_50YyzeQlUHj3UWM","PG"
"R_3iTmEmgEHHLZlEB","PG"
"R_6dgzoAjUW24zQ8o","non-PG"
"R_17ya2KUMdAB4Z5O","non-PG"
"R_63POuFAgIQIzehj","non-PG"
"R_7pPHt5MLl0UHRY0","PG"
"R_7yfcCCzqH4aTTTX","PG"
"R_1Pz1l6tqGYwdi4p","non-PG"
"R_3PTNchgrczSxV7t","non-PG"
"R_3f77OOIuCsmWwxS","non-PG"
"R_3qrqL0OiTuaSL9w","non-PG"
"R_7yfHXO3TTW5y0k3","non-PG"
"R_77I0m2ExmdUP138","non-PG"
"R_1D6xR48qcL2tTNK","non-PG"
"R_1DOzGq64U2tGnLF","PG"
"R_7kczJBoueHOm2M0","non-PG"
"R_5Zu1O96PzO2EGkN","PG"
"R_3P0cFiIHsojpsZ9","non-PG"
"R_56GdiL109c0yVsR","non-PG"
